이름,세부카테고리,주소,위도,경도,전화번호,링크
뉴욕러브베이글 강남본점,"카페,디저트>베이글",서울특별시 강남구 봉은사로2길 31 W빌딩 1층,37.5026122,127.0263860,,https://www.nylovebagel.com/
런던베이글뮤지엄 도산,"카페,디저트>베이커리","서울특별시 강남구 언주로168길 33 1, 2층",37.5260816,127.0364528,,https://app.catchtable.co.kr/ct/shop/london_bagel_museum_dosan
SADDLER HAUS,"카페,디저트>와플",서울특별시 강남구 도산대로17길 10 B1 새들러하우스,37.5193887,127.0249425,,https://www.instagram.com/saddlerhaus_bakery
이디야커피랩,"카페,디저트>카페",서울특별시 강남구 논현로 636 이디야빌딩,37.5104275,127.0328569,,http://www.ediya.com/
테라로사 포스코센터점,"카페,디저트>카페",서울특별시 강남구 테헤란로 440 포스코센터 1층,37.5060634,127.0560829,,https://terarosa.com
브랜뉴하이몬드,"카페,디저트>베이커리","서울특별시 강동구 천호옛14길 11 브랜뉴하이몬드 1, 2층",37.5363003,127.1261209,,https://smartstore.naver.com/brandnewhimont
스타벅스 강동구청DT점,"카페,디저트>카페",서울특별시 강동구 성내로 32 (성내동),37.5292537,127.1238440,,http://www.starbucks.co.kr/
스타벅스 명일이마트점,"카페,디저트>카페",서울특별시 강동구 동남로75길 5 (명일동) 명일이마트별관주차장,37.5541787,127.1561340,,http://www.starbucks.co.kr/
파리바게뜨 굽은다리역점,"카페,디저트>베이커리",서울특별시 강동구 양재대로 1564 (명일동),37.5450969,127.1430050,,https://www.paris.co.kr/
테라로사 길동점,"카페,디저트>카페",서울특별시 강동구 천호대로 1221,37.5360495,127.1463729,,https://terarosa.com
뚜레쥬르 길동중앙점,"카페,디저트>베이커리",서울특별시 강동구 양재대로 1478,37.5377898,127.1402086,,http://www.tlj.co.kr/
파리바게뜨 카페수유역점,"카페,디저트>베이커리",서울특별시 강북구 도봉로 337 (수유동),37.6379808,127.0252662,,http://www.paris.co.kr/
스타벅스 수유역점,"카페,디저트>카페",서울특별시 강북구 도봉로 342 (번동),37.6380639,127.0260631,,http://www.starbucks.co.kr/
하이그라운드제빵소,"카페,디저트>베이커리",서울특별시 강북구 삼양로181길 161,37.6702903,127.0073880,,https://www.instagram.com/highground_bakery_official/
스타벅스 강북구청사거리점,"카페,디저트>카페",서울특별시 강북구 도봉로 365 (수유동),37.6399878,127.0274331,,http://www.starbucks.co.kr/
핫브레드 수유역점,"카페,디저트>베이커리",서울특별시 강북구 도봉로 338,37.6377452,127.0253569,,
파리바게뜨 까페미아역점,"카페,디저트>베이커리",서울특별시 강북구 도봉로 178 파리바게뜨,37.6246338,127.0271305,,https://www.paris.co.kr/
안스베이커리 롯데백화점 김포공항점,"카페,디저트>베이커리",서울특별시 강서구 하늘길 77 롯데백화점 김포공항점 GF,37.5630250,126.8036235,,https://www.instagram.com/ansbakery_/
폴 바셋 롯데백화점 김포공항점,"카페,디저트>카페",서울특별시 강서구 하늘길 38 롯데백화점 김포공항점 GF층,37.5631559,126.8031319,,https://www.baristapaulbassett.co.kr/Index.pb
타르데마 베이커리 방화,"카페,디저트>베이커리",서울특별시 강서구 양천로26길 65 1층,37.5722340,126.8202344,,https://smartstore.naver.com/tardemah/products/12737787522
쟝블랑제리 낙성대본점,"카페,디저트>베이커리",서울특별시 관악구 낙성대역길 8,37.4771360,126.9619864,,https://smartstore.naver.com/jeanboulangerie
스타벅스 신림타임스트림점,"카페,디저트>카페",서울특별시 관악구 신림로 330 타임스트림 1층,37.4840710,126.9302583,,http://www.starbucks.co.kr/
스타벅스 서울대입구역점,"카페,디저트>카페",서울특별시 관악구 남부순환로 1812 (봉천동),37.4812073,126.9514006,,http://www.starbucks.co.kr/
스타벅스 서울대역점,"카페,디저트>카페",서울특별시 관악구 남부순환로 1817 (봉천동),37.4816626,126.9520164,,http://www.starbucks.co.kr/
쟝블랑제리 롯데백화점관악점,"카페,디저트>베이커리",서울특별시 관악구 봉천로 209,37.4903811,126.9247798,,
몽마베이커리,"카페,디저트>베이커리",서울특별시 관악구 남부순환로248길 20,37.4751720,126.9655150,,
파리바게뜨 신림남부점,"카페,디저트>베이커리",서울특별시 관악구 호암로 602,37.4708534,126.9337927,,https://www.paris.co.kr/
파리바게뜨 서울대입구역점,"카페,디저트>베이커리",서울특별시 관악구 봉천로 475,37.4823618,126.9530876,,https://www.paris.co.kr/
스타벅스 군자역점,"카페,디저트>카페",서울특별시 광진구 천호대로 548 (군자동) 중앙빌딩,37.5570260,127.0791098,,http://www.starbucks.co.kr/
스타벅스 아차산역점,"카페,디저트>카페",서울특별시 광진구 천호대로 676 (구의동),37.5506211,127.0900320,,http://www.starbucks.co.kr/
파리바게뜨 대공원점,"카페,디저트>베이커리",서울특별시 광진구 천호대로 659 아차산웨딩홀,37.5523733,127.0898269,,https://www.paris.co.kr/
크리스피크림도넛 건대스타시티점,"카페,디저트>도넛",서울특별시 광진구 아차산로 262 더샵스타시티,37.5385627,127.0730552,,https://www.lotteeatz.com/eatzMain
탐앤탐스 블랙그레이트점,"카페,디저트>카페",서울특별시 광진구 아차산로 426,37.5377991,127.0896988,,
뚜레쥬르 건국대병원점,"카페,디저트>베이커리",서울특별시 광진구 능동로 120-1 지하1층,37.5403764,127.0718276,,
그랜드 워커힐 서울 더파빌리온,"카페,디저트>카페",서울특별시 광진구 워커힐로 177 그랜드 워커힐 서울 1층 로비,37.5551690,127.1107738,,https://www.walkerhill.com/grandwalkerhillseoul/dining/ThePavilion
스타벅스 포포인츠구로점,"카페,디저트>카페",서울특별시 구로구 디지털로32길 72 구로호텔 1층 (구로동),37.4832868,126.8988209,,http://www.starbucks.co.kr/
스타벅스 구로NC점,"카페,디저트>카페",서울특별시 구로구 구로중앙로 152 (구로동) 구로NC,37.5012190,126.8827980,,http://www.starbucks.co.kr/
스타벅스 오류동역점,"카페,디저트>카페",서울특별시 구로구 경인로 216 (오류동),37.4962155,126.8448614,,http://www.starbucks.co.kr/
뚜레쥬르 구로디지털직영점,"카페,디저트>베이커리",서울특별시 구로구 디지털로32길 79,37.4833969,126.8998395,,
파리바게뜨 오류역점,"카페,디저트>베이커리",서울특별시 구로구 경인로 203-2 1층,37.4961498,126.8436077,,http://www.paris.co.kr/
파리바게뜨 구로제일점,"카페,디저트>베이커리",서울특별시 구로구 디지털로34길 55 1층 111호 파리바게뜨,37.4837246,126.8991964,,http://www.paris.co.kr/
파리바게뜨 신도림역점,"카페,디저트>베이커리",서울특별시 구로구 경인로 661 신도림1차푸르지오,37.5093533,126.8878851,,https://www.paris.co.kr/
파리바게뜨 신도림테크노마트점,"카페,디저트>베이커리",서울특별시 구로구 새말로 97 신도림테크노마트,37.5065136,126.8904736,,http://www.paris.co.kr/
애월빵공장 가산점,"카페,디저트>베이커리",서울특별시 금천구 디지털로10길 37 아스크타워 S동,37.4769610,126.8895798,,https://blog.naver.com/aewolbakery
스타벅스 가산디지털점,"카페,디저트>카페","서울특별시 금천구 가산디지털1로 168 (가산동), 우림라이온스밸리 B동 1층",37.4800605,126.8823115,,http://www.starbucks.co.kr/
스타벅스 가산에스케이점,"카페,디저트>카페","서울특별시 금천구 가산디지털1로 171 (가산동), SK V1센터 1층",37.4808240,126.8810007,,http://www.starbucks.co.kr/
핫브레드 가산디지털단지역점,"카페,디저트>베이커리",서울특별시 금천구 벚꽃로 309,37.4815957,126.8825595,,
파리바게뜨 시흥뉴타운점,"카페,디저트>베이커리",서울특별시 금천구 시흥대로 204 성보빌딩 1층,37.4523170,126.9018524,,http://www.paris.co.kr/
킴스델리마켓 퍼블릭가산점,"카페,디저트>베이커리",서울특별시 금천구 디지털로 178 B동 1층 M-132호,37.4753738,126.8872158,,https://www.instagram.com/kims_delimarket
투썸플레이스 독산사거리점,"카페,디저트>카페",서울특별시 금천구 시흥대로 422 지상1층,37.4711240,126.8985163,,
스타벅스 노원역점,"카페,디저트>카페",서울특별시 노원구 동일로 1413 (상계동) 1층,37.6547943,127.0601182,,http://www.starbucks.co.kr/
투썸플레이스 노원문화의거리점,"카페,디저트>카페",서울특별시 노원구 상계로 69 2층 투썸플레이스,37.6564033,127.0625993,,https://mo.twosome.co.kr/to/tblOrdMain.do?storeCd=1102328
파리바게뜨 노원중앙점,"카페,디저트>베이커리",서울특별시 노원구 노해로 494 고려빌딩 101~103호,37.6545927,127.0628504,,https://www.paris.co.kr/
스타벅스 중계역점,"카페,디저트>카페",서울특별시 노원구 동일로 1339 대한빌딩 (상계동),37.6481700,127.0622440,,http://www.starbucks.co.kr/
구법원고로케 노원역2호점,"카페,디저트>베이커리",서울특별시 노원구 상계로1길 8 1층 102호,37.6562219,127.0617850,,https://old-court-croquette.wywh.co.kr/
파리바게뜨 마들역점,"카페,디저트>베이커리",서울특별시 노원구 동일로 1545 1층,37.6663815,127.0570880,,https://www.paris.co.kr/
나폴레옹과자점 롯데백화점 노원점,"카페,디저트>베이커리",서울특별시 노원구 동일로 1414 지하1층,37.6548283,127.0609720,,https://napoleonbakery.co.kr/
파리바게뜨 상계역점,"카페,디저트>베이커리",서울특별시 노원구 한글비석로 384 대호아파트 상가동 111호,37.6601016,127.0732807,,https://www.paris.co.kr/
코타브레드,"카페,디저트>베이커리",서울특별시 노원구 공릉로 165 코타브레드,37.6247402,127.0794729,,http://instagram.com/kotabread_
스타벅스 창동이마트점,"카페,디저트>카페",서울특별시 도봉구 노해로65길 4 (창동),37.6516584,127.0468659,,http://www.starbucks.co.kr/
스타벅스 쌍문도봉로점,"카페,디저트>카페",서울특별시 도봉구 도봉로 444 (창동),37.6453759,127.0331456,,http://www.starbucks.co.kr/
스타벅스 방학역점,"카페,디저트>카페","서울특별시 도봉구 도봉로 684 (방학동)101,102,113,114,115호",37.6653125,127.0433125,,http://www.starbucks.co.kr/
파리바게뜨 쌍문신원점,"카페,디저트>베이커리",서울특별시 도봉구 해등로 190 신원주상복합2차아파트 신원프라자,37.6581635,127.0356027,,https://www.paris.co.kr/
메가MGC커피 쌍문점,"카페,디저트>카페",서울특별시 도봉구 도봉로 457 1층,37.6466777,127.0332362,,
파리바게뜨 쌍문역점,"카페,디저트>베이커리",서울특별시 도봉구 도봉로 473 파리바게뜨,37.6480401,127.0340838,,http://www.paris.co.kr/
파리바게뜨 방학선덕점,"카페,디저트>베이커리",서울특별시 도봉구 시루봉로 67 (방학동) 청구아파트 상가,37.6568072,127.0276818,,https://www.paris.co.kr/
파리바게뜨 창동역동부점,"카페,디저트>베이커리","서울특별시 도봉구 마들로11길 73 콤마프라자 1층 105,106호",37.6533445,127.0491602,,https://www.paris.co.kr/
파리바게뜨 창동역서부점,"카페,디저트>베이커리",서울특별시 도봉구 노해로63길 79 (창동),37.6530742,127.0464992,,https://www.paris.co.kr/
스타벅스 경동1960점,"카페,디저트>카페",서울특별시 동대문구 고산자로36길 3,37.5796141,127.0386849,,http://www.starbucks.co.kr/
스타벅스 장한평역점,"카페,디저트>카페",서울특별시 동대문구 장한로 10 (장안동),37.5622981,127.0654062,,http://www.starbucks.co.kr/
스타벅스 답십리역점,"카페,디저트>카페",서울특별시 동대문구 천호대로 263 (답십리동),37.5684660,127.0511060,,http://www.starbucks.co.kr/
스타벅스 청량리역사점,"카페,디저트>카페",서울특별시 동대문구 왕산로 214 (전농동) 청량리역사 Connect Place6층,37.5805653,127.0485648,,http://www.starbucks.co.kr/
삼송빵집 청량리역사점,"카페,디저트>베이커리",서울특별시 동대문구 왕산로 214 3층 317호,37.5805028,127.0476092,,https://blog.naver.com/samsongbakery1957
본노엘 답십리,"카페,디저트>베이커리",서울특별시 동대문구 전농로 75-18 1층,37.5717945,127.0562242,,https://s.baemin.com/9z4.wul0t
빵들의 수다 롯데슈퍼 전농점,"카페,디저트>베이커리",서울특별시 동대문구 사가정로 148,37.5777394,127.0609386,,
파리바게뜨 장한평점,"카페,디저트>베이커리",서울특별시 동대문구 장한로2길 7,37.5622273,127.0657252,,http://www.paris.co.kr/
망우로30,"카페,디저트>카페",서울특별시 동대문구 망우로 30-1 1층,37.5880242,127.0568190,,https://smartstore.naver.com/manguro30
쟝블랑제리 이수직영점,"카페,디저트>베이커리",서울특별시 동작구 동작대로23길 8,37.4843861,126.9813507,,
스타벅스 사당역점,"카페,디저트>카페",서울특별시 동작구 동작대로 21 양지빌딩 1-3층 (사당동),37.4784102,126.9814230,,http://www.starbucks.co.kr/
스타벅스 신대방삼거리역점,"카페,디저트>카페",서울특별시 동작구 상도로 102 (상도동),37.5003487,126.9319875,,http://www.starbucks.co.kr/
스타벅스 보라매공원R점,"카페,디저트>카페","서울특별시 동작구 보라매로5길 35 (신대방동, 파크스퀘어,보라매현대APT)",37.4919101,126.9235483,,http://www.starbucks.co.kr/
파리바게뜨 성대시장점,"카페,디저트>베이커리",서울특별시 동작구 상도로 102 성대시장 1층,37.5001288,126.9321473,,http://www.paris.co.kr/
파리바게뜨 신대방삼거리역점,"카페,디저트>베이커리",서울특별시 동작구 국사봉1길 4,37.4988196,126.9287528,,http://www.paris.co.kr/
파리바게뜨 이수태평점,"카페,디저트>베이커리",서울특별시 동작구 동작대로27가길 6 백경빌딩,37.4873090,126.9810669,,http://www.paris.co.kr/
시간을 들이다,"카페,디저트>베이커리",서울특별시 동작구 보라매로 80 1층,37.4965256,126.9279875,,http://smartstore.naver.com/028122158
세녹,"카페,디저트>홍차전문점",서울특별시 동작구 사당로 304,37.4848888,126.9813417,,
더플라잉팬 부강탕,"카페,디저트>베이커리",서울특별시 동작구 상도로34길 7 부강탕,37.5043599,126.9459627,,https://blog.naver.com/bugangtang
어글리베이커리,"카페,디저트>베이커리",서울특별시 마포구 월드컵로13길 73 1층 어글리 베이커리,37.5550335,126.9060383,,http://www.instagram.com/uglybakery
수상한베이글 홍대,"카페,디저트>카페",서울특별시 마포구 와우산로15길 22,37.5496284,126.9218429,,https://www.instagram.com/susanghan_bagel
코코로카라,"카페,디저트>베이커리",서울특별시 마포구 연남로1길 41,37.5598025,126.9209445,,http://kokorokara.store
치플레,"카페,디저트>베이커리",서울특별시 마포구 동교로 262-9 1층,37.5628286,126.9255953,,https://www.instagram.com/cheffle_official
만동제과 연남점,"카페,디저트>베이커리",서울특별시 서대문구 연희로 32,37.5615260,126.9272585,,https://m.smartstore.naver.com/mandongbread
스타벅스 홍제역점,"카페,디저트>카페",서울특별시 서대문구 통일로 451 (홍제동),37.5886580,126.9438640,,http://www.starbucks.co.kr/
스타벅스 신촌점,"카페,디저트>카페",서울특별시 서대문구 연세로 10-1 (창천동),37.5564857,126.9371155,,http://www.starbucks.co.kr/
피터팬1978,"카페,디저트>베이커리",서울특별시 서대문구 증가로 10 1층,37.5693366,126.9317672,,https://www.instagram.com/peterpanbakery_1978
델리 세브란스점,"카페,디저트>베이커리",서울특별시 서대문구 연세로 50-1,37.5623446,126.9408265,,
파리바게뜨 카페신촌점,"카페,디저트>베이커리","서울특별시 서대문구 연세로4길 1 (창천동) 1,2층",37.5570604,126.9371105,,https://www.paris.co.kr/
스타벅스 센트럴시티점,"카페,디저트>카페",서울특별시 서초구 신반포로 176 (반포동),37.5034854,127.0043283,,http://www.starbucks.co.kr/
던킨 원더스 강남,"카페,디저트>도넛",서울특별시 서초구 강남대로 373 홍우빌딩 1층,37.4960698,127.0281502,,http://www.dunkindonuts.co.kr/
쉘리,"카페,디저트>카페",서울특별시 서초구 잠원로 51,37.5093780,127.0072700,,
공차 엔터6강남점,"카페,디저트>차",서울특별시 서초구 신반포로 188,37.5049301,127.0049482,,
스타벅스 파미에파크R점,"카페,디저트>카페",서울특별시 서초구 사평대로 205 (반포동) CENTRALCITY,37.5030521,127.0043620,,http://www.starbucks.co.kr/
루엘드파리,"카페,디저트>베이커리",서울특별시 서초구 서초중앙로 18 서초쌍용플래티넘 112호,37.4840594,127.0173499,,https://smartstore.naver.com/ruelledeparis
길산종합빵집,"카페,디저트>베이커리",서울특별시 서초구 바우뫼로43길 18 1층 102호 길산 종합 빵집,37.4822040,127.0421882,,
빽다방 빵연구소 신사사거리점,"카페,디저트>테이크아웃커피",서울특별시 서초구 강남대로 605 휴먼타워 1층,37.5158780,127.0192268,,
포비 강남점,"카페,디저트>베이커리",서울특별시 서초구 사평대로 205 센트럴시티 파미에스테이션 1층 106호,37.5030165,127.0044176,,http://fourb.co.kr
파리크라상 예술의전당점,"카페,디저트>베이커리",서울특별시 서초구 남부순환로 2406 예술의 전당,37.4798178,127.0127646,,https://pariscroissantorder.com
파리크라상 교대역점,"카페,디저트>베이커리",서울특별시 서초구 서초중앙로24길 27 G-five 플라자 1층,37.4954178,127.0164171,,https://pariscroissantorder.com
코끼리베이글 성수,"카페,디저트>베이커리",서울특별시 성동구 성수이로26길 17 1층,37.5460779,127.0595824,,
나폴레옹과자점 본점,"카페,디저트>베이커리",서울특별시 성북구 성북로 7 나폴레옹과자점,37.5888994,127.0051951,,https://napoleonbakery.co.kr
성북동 빵공장,"카페,디저트>베이커리",서울특별시 성북구 대사관로 40 B동,37.5958724,126.9884192,,https://www.instagram.com/sb_bread_factory
스타벅스 성신여대정문점,"카페,디저트>카페",서울특별시 성북구 보문로34길 62 (동선동2가),37.5909100,127.0188000,,http://www.starbucks.co.kr/
스타벅스 성신여대점,"카페,디저트>카페",서울특별시 성북구 동소문로24길 12 (동선동1가),37.5931349,127.0183790,,http://www.starbucks.co.kr/
스타벅스 한성대입구역점,"카페,디저트>카페",서울특별시 성북구 성북로 11 (성북동1가),37.5891161,127.0049472,,http://www.starbucks.co.kr/
그레도제빵사,"카페,디저트>베이커리",서울특별시 성북구 화랑로 304 1층 카페 그레도제빵사,37.6134032,127.0621791,,http://www.instagram.com/cafe.gredo
롤링핀 1976길음점,"카페,디저트>베이커리",서울특별시 성북구 도봉로 1 베누스타빌딩 1층 롤링핀 1976 길음점,37.6092206,127.0294137,,https://www.instagram.com/bakery.cafe_rollingpin/
파리바게뜨 한성대역점,"카페,디저트>베이커리",서울특별시 성북구 동소문로 11,37.5892466,127.0074212,,https://www.paris.co.kr/
스타벅스 안암역점,"카페,디저트>카페",서울특별시 성북구 고려대로 102-2 (안암동5가),37.5862203,127.0307239,,http://www.starbucks.co.kr/
이성당 롯데백화점잠실점,"카페,디저트>베이커리",서울특별시 송파구 올림픽로 240 지하 1층,37.5125146,127.0991913,,
런던베이글뮤지엄 잠실,"카페,디저트>베이커리",서울특별시 송파구 올림픽로 300 롯데월드몰 1층,37.5133398,127.1035500,,https://app.catchtable.co.kr/ct/shop/london_bagel_museum_jamsil
베즐리베이커리,"카페,디저트>베이커리",서울특별시 송파구 올림픽로43길 88 동관지하1층,37.5265762,127.1079350,,
밀파니,"카페,디저트>베이커리","서울특별시 송파구 위례서로 273 밀파니 타워 1층, 2층",37.4891370,127.1424950,,https://www.instagram.com/millpany
파리크라상 올림픽공원점,"카페,디저트>베이커리",서울특별시 송파구 올림픽로 424 올림픽공원 만남의 광장 편익C동 1층,37.5163835,127.1299850,,https://pariscroissantorder.com
스타벅스 신정DT점,"카페,디저트>카페",서울특별시 양천구 신월로 341 (신정동),37.5219930,126.8588650,,http://www.starbucks.co.kr/
스타벅스 신월IC DT점,"카페,디저트>카페",서울특별시 양천구 남부순환로 430 (신월동),37.5295024,126.8322023,,http://www.starbucks.co.kr/
스타벅스 목동역점,"카페,디저트>카페",서울특별시 양천구 목동로 203 (신정동) 1층일부,37.5266840,126.8639860,,http://www.starbucks.co.kr/
스타벅스 현대목동점,"카페,디저트>카페","서울특별시 양천구 목동동로 257 (목동, 현대하이페리온) 지하2층",37.5267831,126.8747846,,http://www.starbucks.co.kr/
스타벅스 오목교역점,"카페,디저트>카페",서울특별시 양천구 오목로 354 (목동),37.5238559,126.8764498,,http://www.starbucks.co.kr/
파리바게뜨 양천구청점,"카페,디저트>베이커리",서울특별시 양천구 목동동로 73 1층,37.5158789,126.8628317,,https://www.paris.co.kr/
빵의시간 목동본점,"카페,디저트>베이커리",서울특별시 양천구 목동중앙본로 99 1층 빵의시간,37.5445061,126.8705920,,https://www.instagram.com/bbangsi_time
파리바게뜨 신곡시장점,"카페,디저트>베이커리",서울특별시 양천구 신월로 165,37.5183092,126.8418650,,https://www.paris.co.kr/
파리바게뜨 신정네거리역점,"카페,디저트>베이커리",서울특별시 양천구 중앙로 251,37.5188294,126.8532436,,https://www.paris.co.kr/
뚜레쥬르 염창역점,"카페,디저트>베이커리",서울특별시 양천구 공항대로 630 어바니엘 1층,37.5466598,126.8748974,,
유어스베이크샵 목동본점,"카페,디저트>베이커리",서울특별시 양천구 목동서로 37 하이베라스112호 유어스베이크샵 목동본점,37.5374770,126.8818607,,https://smartstore.naver.com/yoursbakeshop
코끼리베이글 영등포,"카페,디저트>베이글",서울특별시 영등포구 선유로 176 코끼리베이글,37.5292732,126.8935041,,
러스트 베이커리,"카페,디저트>베이커리",서울특별시 영등포구 경인로79길 15 러스트베이커리,37.5131931,126.8937186,,
안스베이커리 롯데백화점 영등포점,"카페,디저트>베이커리",서울특별시 영등포구 경인로 846 지하 1층,37.5161435,126.9071345,,https://www.instagram.com/ansbakery_/
셰프의 아이들,"카페,디저트>베이커리","서울특별시 영등포구 당산로 102 1층, 2층",37.5236937,126.8964461,,https://www.instagram.com/chefs_aidul
패션5,"카페,디저트>베이커리",서울특별시 용산구 이태원로 272 패션5 1층,37.5386535,127.0019380,,https://패션5.com/
파리크라상 서울역점,"카페,디저트>베이커리",서울특별시 용산구 청파로 378 2층 108호,37.5527150,126.9694580,,https://pariscroissantorder.com
스타벅스 용산아이파크몰6F점,"카페,디저트>카페",서울특별시 용산구 한강대로23길 55,37.5289068,126.9646345,,http://www.starbucks.co.kr/
아우어베이커리 용산아이파크몰점,"카페,디저트>베이커리",서울특별시 용산구 한강대로23길 55 4층 17-2호,37.5297717,126.9647415,,https://www.instagram.com/ourbakerycafe/
스타벅스 연신내역사거리점,"카페,디저트>카페",서울특별시 은평구 통일로 842 (불광동),37.6187739,126.9217988,,http://www.starbucks.co.kr/
스타벅스 더북한산점,"카페,디저트>카페",서울특별시 은평구 대서문길 24-11 (진관동),37.6554576,126.9475563,,http://www.starbucks.co.kr/
스타벅스 은평구청입구점,"카페,디저트>카페",서울특별시 은평구 은평로 170 (응암동),37.6012356,126.9268136,,http://www.starbucks.co.kr/
스타벅스 구산역점,"카페,디저트>카페",서울특별시 은평구 연서로 146 (대조동),37.6117450,126.9176780,,http://www.starbucks.co.kr/
안스베이커리 롯데몰 은평점,"카페,디저트>베이커리",서울특별시 은평구 통일로 1050 롯데몰 은평점 1층 안스베이커리,37.6378504,126.9180781,,https://www.instagram.com/ansbakery_/
파리바게뜨 구산역점,"카페,디저트>베이커리",서울특별시 은평구 서오릉로 140 (대조동),37.6112495,126.9176421,,https://www.paris.co.kr/
투썸플레이스 연신내점,"카페,디저트>카페","서울특별시 은평구 연서로 223 2, 3층",37.6185095,126.9199124,,https://mo.twosome.co.kr/
서촌 금상고로케,"카페,디저트>베이커리",서울특별시 종로구 자하문로9길 24,37.5795180,126.9697116,,https://www.instagram.com/seochonkumsang
런던베이글뮤지엄 안국,"카페,디저트>베이커리",서울특별시 종로구 북촌로4길 20,37.5792099,126.9862130,,https://app.catchtable.co.kr/ct/shop/london_bagel_museum_anguk
라파리나 서촌본점,"카페,디저트>베이커리",서울특별시 종로구 자하문로 44 라파리나,37.5799955,126.9715365,,https://www.instagram.com/lafarina.bagel
아베베 베이커리 서울,"카페,디저트>베이커리","서울특별시 종로구 청계천로 201 1, 2, 3층",37.5695463,126.9999438,,https://www.instagram.com/bakery_abebe
파리크라상 광화문점,"카페,디저트>베이커리",서울특별시 종로구 종로 1 교보생명빌딩 1층,37.5709477,126.9778787,,https://pariscroissantorder.com
아티스트베이커리 안국,"카페,디저트>베이커리",서울특별시 종로구 율곡로 45 1층,37.5762555,126.9843435,,https://www.instagram.com/artistbakery/
스타벅스 한국프레스센터점,"카페,디저트>카페",서울특별시 중구 세종대로 124 (태평로1가),37.5672475,126.9780493,,http://www.starbucks.co.kr/
태극당,"카페,디저트>베이커리",서울특별시 중구 동호로24길 7,37.5595531,127.0051314,,https://smartstore.naver.com/tgd_1946
스타벅스 무교로점,"카페,디저트>카페",서울특별시 중구 무교로 15 (무교동),37.5672207,126.9790766,,http://www.starbucks.co.kr/
덕수궁 리에제와플,"카페,디저트>와플",서울특별시 중구 덕수궁길 5,37.5648235,126.9764916,,https://smartstore.naver.com/liegewaffle1/
스타벅스 환구단점,"카페,디저트>카페",서울특별시 중구 소공로 112 (소공동),37.5645988,126.9792301,,http://www.starbucks.co.kr/
옵스 롯데소공점,"카페,디저트>베이커리",서울특별시 중구 남대문로 81 롯데백화점 본점 지하 1층,37.5649944,126.9816422,,http://ops.co.kr
뚜레쥬르 본점,"카페,디저트>베이커리",서울특별시 중구 동호로 330 씨제이제일제당센터,37.5636840,127.0029254,,http://www.tlj.co.kr/
스타벅스 상봉점,"카페,디저트>카페","서울특별시 중랑구 상봉로 131 (상봉동, 상봉 듀오트리스 주상복합)",37.5973442,127.0925290,,http://www.starbucks.co.kr/
스타벅스 사가정역점,"카페,디저트>카페",서울특별시 중랑구 면목로 310,37.5797368,127.0880094,,http://www.starbucks.co.kr/
스타벅스 상봉역점,"카페,디저트>카페",서울특별시 중랑구 망우로 307 (상봉동),37.5968900,127.0864700,,http://www.starbucks.co.kr/
스타벅스 중랑구청점,"카페,디저트>카페",서울특별시 중랑구 신내로 72,37.6054807,127.0955905,,http://www.starbucks.co.kr/
파리바게뜨 면목역점,"카페,디저트>베이커리",서울특별시 중랑구 면목로 414,37.5888239,127.0876454,,http://www.paris.co.kr/
파리바게뜨 중화역점,"카페,디저트>베이커리",서울특별시 중랑구 동일로 795 1층,37.6014659,127.0790466,,https://www.paris.co.kr/
파리바게뜨 신내중앙점,"카페,디저트>베이커리",서울특별시 중랑구 봉화산로 194 신아타운,37.6065312,127.0947151,,http://www.paris.co.kr/
파리바게뜨 묵동삼거리점,"카페,디저트>베이커리",서울특별시 중랑구 공릉로2길 3,37.6121780,127.0779860,,http://www.paris.co.kr/
파리바게뜨 중랑역점,"카페,디저트>베이커리",서울특별시 중랑구 망우로 203 동양엔파트121호,37.5939673,127.0753122,,https://www.paris.co.kr/
김영모과자점 도곡타워점,"카페,디저트>베이커리",서울특별시 강남구 언주로30길 10 현대비젼21,37.4874024,127.0513862,,https://blog.naver.com/kbreadcom
스타벅스 포이점,"카페,디저트>카페",서울특별시 강남구 논현로 88 (개포동),37.4778110,127.0451411,,http://www.starbucks.co.kr/
파리바게뜨 대청타워점,"카페,디저트>베이커리",서울특별시 강남구 개포로 623 대청타워,37.4940007,127.0798906,,https://www.paris.co.kr/
아티제 일원점,"카페,디저트>카페",서울특별시 강남구 일원로 81 삼성의료원본관 지하1층,37.4884112,127.0849769,,
폴 바셋 일원역점,"카페,디저트>카페",서울특별시 강남구 일원로 115 101호,37.4837410,127.0840752,,https://www.baristapaulbassett.co.kr/Index.pb
크리스피크림 수서역사점,"카페,디저트>도넛",서울특별시 강남구 밤고개로 99 SRT수서역 지하1층,37.4853596,127.1045727,,https://www.lotteeatz.com/eatzMain
스타벅스 강남세곡점,"카페,디저트>카페",서울특별시 강남구 헌릉로569길 18 (세곡동),37.4672743,127.0999297,,http://www.starbucks.co.kr/
스타벅스 길동역점,"카페,디저트>카페",서울특별시 강동구 양재대로 1487 (길동),37.5387016,127.1401394,,http://www.starbucks.co.kr/
스타벅스 강동암사DT점,"카페,디저트>카페",서울특별시 강동구 고덕로 43 (암사동),37.5550883,127.1299994,,http://www.starbucks.co.kr/
메가MGC커피 암사역점,"카페,디저트>카페",서울특별시 강동구 올림픽로 783 102호 메가커피,37.5511537,127.1277134,,
스타벅스 굽은다리역점,"카페,디저트>카페","서울특별시 강동구 양재대로 1568 (명일동, 원일타워)",37.5454604,127.1431161,,http://www.starbucks.co.kr/
스타벅스 상일동역점,"카페,디저트>카페","서울특별시 강동구 고덕로 399 (고덕동, 고덕센트럴푸르지오)",37.5575665,127.1707635,,http://www.starbucks.co.kr/
파리바게뜨 상일중앙점,"카페,디저트>베이커리",서울특별시 강동구 고덕로 391,37.5571758,127.1688861,,http://www.paris.co.kr/
배스킨라빈스 고덕그라시움점,"카페,디저트>아이스크림","서울특별시 강동구 고덕로 385 (고덕동) 1층 110, 111-1호",37.5574179,127.1685321,,https://blog.naver.com/brgirl31/
폴 바셋 상일동점,"카페,디저트>카페",서울특별시 강동구 상일로6길 21,37.5496670,127.1745802,,https://www.baristapaulbassett.co.kr/Index.pb
메가MGC커피 강일2지구점,"카페,디저트>카페",서울특별시 강동구 아리수로93나길 38 마이메디컬 1층 111호,37.5720476,127.1740073,,
메가MGC커피 강일리버파크점,"카페,디저트>카페",서울특별시 강동구 아리수로93길 9 1층,37.5653139,127.1743610,,
스타벅스 미아역점,"카페,디저트>카페",서울특별시 강북구 도봉로 196 (미아동),37.6262187,127.0264972,,http://www.starbucks.co.kr/
스타벅스 미아사거리역점,"카페,디저트>카페",서울특별시 강북구 도봉로 32 (미아동),37.6118312,127.0305855,,http://www.starbucks.co.kr/
카페 산아래,"카페,디저트>카페",서울특별시 강북구 삼양로181길 56 102호,37.6667756,127.0106168,,http://instagram.com/cafe_sanare
스타벅스 까치산역점,"카페,디저트>카페",서울특별시 강서구 강서로13길 3 (화곡동),37.5323234,126.8461233,,http://www.starbucks.co.kr/
스타벅스 화곡동점,"카페,디저트>카페",서울특별시 강서구 화곡로 142 (화곡동),37.5406190,126.8373880,,http://www.starbucks.co.kr/
메가MGC커피 가양중앙점,"카페,디저트>카페",서울특별시 강서구 양천로 461 1층,37.5631994,126.8522413,,
뚜레쥬르 가양역점,"카페,디저트>베이커리",서울특별시 강서구 양천로57길 16 영보빌딩 1층 뚜레쥬르,37.5634013,126.8524712,,
던킨 김포공항국내선,"카페,디저트>도넛",서울특별시 강서구 하늘길 111 국내선청사 2층 4번 게이트,37.5586937,126.8039549,,https://100원커피이벤트-선착순주문하기.com
스타벅스 우장산역점,"카페,디저트>카페",서울특별시 강서구 강서로 267 (내발산동),37.5495100,126.8360616,,http://www.starbucks.co.kr/
타르데마 베이커리 우장산,"카페,디저트>베이커리",서울특별시 강서구 강서로46길 9,37.5508788,126.8369648,,https://blog.naver.com/unicel1004
스타벅스 사당점,"카페,디저트>카페",서울특별시 관악구 남부순환로 2082-25,37.4761540,126.9810091,,http://www.starbucks.co.kr/
메가MGC커피 아차산역점,"카페,디저트>카페",서울특별시 광진구 자양로43길 47,37.5526293,127.0901845,,
메가MGC커피 중곡역점,"카페,디저트>카페",서울특별시 광진구 능동로 403-1,37.5650833,127.0836385,,
스타벅스 어린이대공원역점,"카페,디저트>카페",서울특별시 광진구 능동로 243 (군자동),37.5519460,127.0764040,,http://www.starbucks.co.kr/
파리바게뜨 개봉역점,"카페,디저트>베이커리",서울특별시 구로구 개봉로20길 66 (개봉동) 1층,37.4934127,126.8579806,,https://www.paris.co.kr/
메가MGC커피 오류동역점,"카페,디저트>카페",서울특별시 구로구 경인로20가길 5,37.4953778,126.8440281,,
배스킨라빈스 구로오류,"카페,디저트>아이스크림",서울특별시 구로구 경인로 197,37.4958780,126.8429817,,https://blog.naver.com/brgirl31/
파리바게뜨 구로항동점,"카페,디저트>베이커리",서울특별시 구로구 항동로3길 4 (항동) 1층,37.4809949,126.8244366,,https://www.paris.co.kr/
이디야커피 남구로역점,"카페,디저트>카페",서울특별시 구로구 가리봉동 89-1,37.4848009,126.8871897,,https://blog.naver.com/ediya-coffee
스타벅스 금천독산점,"카페,디저트>카페",서울특별시 금천구 두산로 70 (독산동),37.4694876,126.8955797,,http://www.starbucks.co.kr/
스타벅스 금천시흥점,"카페,디저트>카페",서울특별시 금천구 시흥대로 164 (시흥동),37.4487593,126.9032387,,http://www.starbucks.co.kr/
스타벅스 은행사거리점,"카페,디저트>카페","서울특별시 노원구 중계로 217 중흥빌딩 103,203호 (중계동)",37.6505261,127.0759935,,http://www.starbucks.co.kr/
스타벅스 공릉DT점,"카페,디저트>카페",서울특별시 노원구 동일로 1015 (공릉동),37.6207656,127.0742442,,http://www.starbucks.co.kr/
스타벅스 공릉역점,"카페,디저트>카페",서울특별시 노원구 동일로 1081 (공릉동),37.6264155,127.0722835,,http://www.starbucks.co.kr/
스타벅스 월계트레이더스점,"카페,디저트>카페",서울특별시 노원구 마들로3길 17 (월계동),37.6275840,127.0617758,,http://www.starbucks.co.kr/
스타벅스 월계이마트점,"카페,디저트>카페",서울특별시 노원구 마들로3길 15 (월계동),37.6271490,127.0621011,,http://www.starbucks.co.kr/
메가MGC커피 방학역점,"카페,디저트>카페",서울특별시 도봉구 도봉로150길 40,37.6658885,127.0453918,,
메가MGC커피 도봉역점,"카페,디저트>카페",서울특별시 도봉구 도봉로 817 1층,37.6773716,127.0447173,,
스타벅스 신설동역점,"카페,디저트>카페",서울특별시 동대문구 왕산로 19 (신설동),37.5766161,127.0256500,,http://www.starbucks.co.kr/
스타벅스 회기역사거리점,"카페,디저트>카페",서울특별시 동대문구 이문로 37 (회기동),37.5908698,127.0562793,,http://www.starbucks.co.kr/
스타벅스 경희대점,"카페,디저트>카페",서울특별시 동대문구 경희대로 16-1 (회기동),37.5929494,127.0527538,,http://www.starbucks.co.kr/
메가MGC커피 청량리역점,"카페,디저트>카페",서울특별시 동대문구 왕산로 225,37.5823495,127.0476259,,
달콤제빵소,"카페,디저트>베이커리",서울특별시 동대문구 홍릉로 19,37.5820366,127.0444369,,
스타벅스 외대정문점,"카페,디저트>카페",서울특별시 동대문구 이문로 93 (이문동),37.5952959,127.0592904,,http://www.starbucks.co.kr/
뽀르뚜아 경희대점,"카페,디저트>베이커리",서울특별시 동대문구 이문로 32,37.5901949,127.0562070,,
메가MGC커피 삼육서울병원점,"카페,디저트>카페",서울특별시 동대문구 망우로 78 1층 메가커피,37.5898080,127.0620688,,https://100원커피이벤트-선착순주문하기.com
스타벅스 노량진역점,"카페,디저트>카페",서울특별시 동작구 노량진로 134 (노량진동),37.5133900,126.9408790,,http://www.starbucks.co.kr/
스타벅스 상도역점,"카페,디저트>카페",서울특별시 동작구 상도로37길 1 (상도1동),37.5032688,126.9484304,,http://www.starbucks.co.kr/
스타벅스 숭실대입구역점,"카페,디저트>카페",서울특별시 동작구 상도로 354 (상도동),37.4969098,126.9527499,,http://www.starbucks.co.kr/
메가MGC커피 신대방삼거리역점,"카페,디저트>카페",서울특별시 동작구 보라매로 113 104호,37.4995581,126.9279831,,
뚜레쥬르 대방역점,"카페,디저트>베이커리",서울특별시 동작구 알마타길 6,37.5098209,126.9245597,,
매머드익스프레스 중앙대점,"카페,디저트>카페",서울특별시 동작구 흑석로 101,37.5077443,126.9606294,,http://mmthexpress.com/
스타벅스 중앙대점,"카페,디저트>카페",서울특별시 동작구 흑석로 75-1 (흑석동),37.5069329,126.9581250,,http://www.starbucks.co.kr/
파리바게뜨 중앙대점,"카페,디저트>베이커리",서울특별시 동작구 서달로13길 5-30,37.5077018,126.9616357,,http://www.paris.co.kr/
리치몬드 과자점 성산본점,"카페,디저트>베이커리",서울특별시 마포구 월드컵북로 86,37.5613259,126.9156754,,https://www.instagram.com/richemont_patisserie/
비파티세리 공덕점,"카페,디저트>베이커리",서울특별시 마포구 마포대로14길 4 1층,37.5487011,126.9551043,,http://www.instagram.com/bpatisserie_seoul
스타벅스 애오개역점,"카페,디저트>카페",서울특별시 마포구 마포대로 201 마포트라팰리스II (아현동),37.5521107,126.9557094,,http://www.starbucks.co.kr/
스타벅스 마포경찰서후문점,"카페,디저트>카페",서울특별시 마포구 마포대로 173-14 (아현동),37.5508000,126.9534320,,http://www.starbucks.co.kr/
파리크라상 서울대병원점,"카페,디저트>베이커리",서울특별시 종로구 대학로 101 대한외래센터동 지하1층 파리크라상 서울대병원점,37.5797151,126.9990168,,https://pariscroissantorder.com
스타벅스 마로니에공원점,"카페,디저트>카페",서울특별시 종로구 대학로 116 1-2층 (동숭동),37.5815087,127.0023113,,http://www.starbucks.co.kr/
메가MGC커피 홍제역점,"카페,디저트>카페",서울특별시 서대문구 세무서길 6 1층,37.5882746,126.9453860,,
스타벅스 가재울뉴타운점,"카페,디저트>카페","서울특별시 서대문구 가재울미래로 2 (남가좌동, DMC파크뷰자이2단지별동상가1층)",37.5750398,126.9162051,,http://www.starbucks.co.kr/
스타벅스 남가좌사거리점,"카페,디저트>카페","서울특별시 서대문구 거북골로 84 (남가좌동, DMC에코자이104동)",37.5772144,126.9202580,,http://www.starbucks.co.kr/
스타벅스 북가좌DT점,"카페,디저트>카페",서울특별시 서대문구 응암로 85 (북가좌동),37.5805646,126.9115641,,http://www.starbucks.co.kr/
파리바게뜨 가재울래미안점,"카페,디저트>베이커리","서울특별시 서대문구 응암로 54 1층(북가좌동, 서부프라자빌딩)",37.5777519,126.9101379,,http://www.paris.co.kr/
스타벅스 문화일보점,"카페,디저트>카페",서울특별시 중구 새문안로 22 (충정로1가) 문화일보,37.5671229,126.9686642,,http://www.starbucks.co.kr/
파리바게뜨 정동점,"카페,디저트>베이커리",서울특별시 중구 새문안로 30 삼성화재,37.5679272,126.9690683,,http://www.paris.co.kr/
스타벅스 서울웨이브아트센터점,"카페,디저트>카페",서울특별시 서초구 잠원로 145-35 (잠원동),37.5188070,127.0070400,,http://www.starbucks.co.kr/
스타벅스 청계산입구역점,"카페,디저트>카페",서울특별시 서초구 청계산로 203 (신원동),37.4473000,127.0560735,,http://www.starbucks.co.kr/
스타벅스 금호역점,"카페,디저트>카페",서울특별시 성동구 동호로 99 (금호동4가),37.5480839,127.0153776,,http://www.starbucks.co.kr/
메가MGC커피 금호역점,"카페,디저트>카페",서울특별시 성동구 장터길 30,37.5481741,127.0191547,,
파리바게뜨 금호1가점,"카페,디저트>베이커리",서울특별시 성동구 난계로 35 (금호동1가) 1층,37.5555712,127.0245772,,http://www.paris.co.kr/
파리바게뜨 옥수역점,"카페,디저트>베이커리",서울특별시 성동구 한림말3길 2,37.5416526,127.0169686,,https://www.paris.co.kr/
파리바게뜨 응봉점,"카페,디저트>베이커리",서울특별시 성동구 독서당로 384,37.5499240,127.0309913,,https://www.paris.co.kr/
인더매스 왕십리,"카페,디저트>베이커리",서울특별시 성동구 마장로 270 인더매스 왕십리,37.5652253,127.0397960,,http://www.instagram.com/inthemass_
파리바게뜨 답십리역점,"카페,디저트>베이커리",서울특별시 성동구 천호대로 312 태광빌딩1층,37.5650683,127.0545812,,https://www.paris.co.kr/
메가MGC커피 답십리로데오점,"카페,디저트>카페",서울특별시 성동구 용답중앙15길 12 메가커피 답십리로데오점,37.5644286,127.0537665,,
메가MGC커피 화양사거리점,"카페,디저트>카페",서울특별시 성동구 광나루로 337,37.5484916,127.0673530,,
배스킨라빈스 답십리역,"카페,디저트>아이스크림",서울특별시 성동구 용답중앙15길 16,37.5646921,127.0541083,,https://blog.naver.com/brgirl31/
스타벅스 길음역점,"카페,디저트>카페",서울특별시 성북구 정릉로 376 (돈암동),37.6021427,127.0253501,,http://www.starbucks.co.kr/
빽다방 돈암아리랑점,"카페,디저트>테이크아웃커피",서울특별시 성북구 돈암동 644-2,37.5995148,127.0134762,,http://paikdabang.com/
스타벅스 미아이마트점,"카페,디저트>카페",서울특별시 성북구 도봉로 17 (길음동),37.6105429,127.0299875,,http://www.starbucks.co.kr/
스타벅스 현대미아점,"카페,디저트>카페",서울특별시 성북구 동소문로 315 (길음동) 지하1층,37.6082259,127.0291884,,http://www.starbucks.co.kr/
메가MGC커피 길음뉴타운점,"카페,디저트>카페",서울특별시 성북구 길음로 33 길음뉴타운 상가B동 제지2층11호,37.6062467,127.0215906,,
파리바게뜨 정릉제일점,"카페,디저트>베이커리",서울특별시 성북구 정릉로 307 라온유상가 106호,37.6029065,127.0185932,,https://www.paris.co.kr/
파리바게뜨 카페정릉점,"카페,디저트>베이커리",서울특별시 성북구 보국문로 40-3,37.6084179,127.0101301,,http://www.paris.co.kr/
스타벅스 삼선교점,"카페,디저트>카페",서울특별시 성북구 동소문로 10 (동소문동2가),37.5888134,127.0073998,,http://www.starbucks.co.kr/
메가MGC커피 성북구청점,"카페,디저트>카페",서울특별시 성북구 보문로 161,37.5887930,127.0165594,,
파리바게뜨 보문역점,"카페,디저트>베이커리",서울특별시 성북구 보문로 119,37.5856440,127.0190507,,https://www.paris.co.kr/
메가MGC커피 보문역점,"카페,디저트>카페",서울특별시 성북구 보문로 124 1층,37.5860929,127.0191991,,
스타벅스 종암DT점,"카페,디저트>카페",서울특별시 성북구 종암로 17 (종암동),37.5919256,127.0361148,,http://www.starbucks.co.kr/
스타벅스 종암점,"카페,디저트>카페",서울특별시 성북구 종암로 122 (종암동),37.6010950,127.0338470,,http://www.starbucks.co.kr/
스타벅스 석촌서호점,"카페,디저트>카페",서울특별시 송파구 석촌호수로 176 (삼전동),37.5064200,127.0968065,,http://www.starbucks.co.kr/
투썸플레이스 삼전역점,"카페,디저트>카페",서울특별시 송파구 삼전로 66 1층,37.5044021,127.0885778,,
스타벅스 석촌역점,"카페,디저트>카페",서울특별시 송파구 백제고분로 358 1층 (석촌동),37.5043907,127.1062275,,http://www.starbucks.co.kr/
스타벅스 가락시장역점,"카페,디저트>카페",서울특별시 송파구 중대로 121 롯데캐슬 파인힐 1층 (가락동),37.4944023,127.1216998,,http://www.starbucks.co.kr/
스타벅스 송파개롱역점,"카페,디저트>카페",서울특별시 송파구 오금로 420 (가락동),37.4970635,127.1362928,,http://www.starbucks.co.kr/
스타벅스 문정로데오점,"카페,디저트>카페",서울특별시 송파구 동남로 141 (가락동),37.4918584,127.1262310,,http://www.starbucks.co.kr/
스타벅스 타임스퀘어2F점,"카페,디저트>카페",서울특별시 영등포구 영중로 15 지상2층 (영등포동4가),37.5172019,126.9035287,,http://www.starbucks.co.kr/
폴 바셋 영등포 타임스퀘어점,"카페,디저트>카페",서울특별시 영등포구 영중로 15 타임스퀘어 2층 교보문고,37.5171675,126.9028522,,https://www.baristapaulbassett.co.kr/Index.pb
스타벅스 영등포신길점,"카페,디저트>카페","서울특별시 영등포구 신길로 137 (신길동) 1,2층",37.5045659,126.9100730,,http://www.starbucks.co.kr/
파리바게뜨 대림성모점,"카페,디저트>베이커리",서울특별시 영등포구 시흥대로 663 1층,37.4909098,126.9076377,,https://www.paris.co.kr/
브래드밀레,"카페,디저트>베이커리",서울특별시 영등포구 시흥대로 595 대림뉴스테이 108호,37.4859395,126.9034604,,
메가MGC커피 도림점,"카페,디저트>카페",서울특별시 영등포구 도영로 33-2,37.5091149,126.8969059,,
파리바게뜨 도림점,"카페,디저트>베이커리",서울특별시 영등포구 도영로 24,37.5084998,126.8961981,,https://www.paris.co.kr/
더웨이위드유,"카페,디저트>카페",서울특별시 영등포구 도영로 37 도림교회 1층,37.5094264,126.8971742,,
키에리,"카페,디저트>케이크전문",서울특별시 용산구 이태원로26길 16-8,37.5333702,126.9931885,,http://instagram.com/kyeri_official
맥심플랜트,"카페,디저트>카페",서울특별시 용산구 이태원로 250,37.5369691,127.0009970,,https://www.instagram.com/maxim_plant/
이디야커피 용산청파점,"카페,디저트>카페",서울특별시 용산구 청파로71길 10 1층,37.5494486,126.9694026,,https://blog.naver.com/ediya-coffee
스타벅스 동빙고점,"카페,디저트>카페",서울특별시 용산구 장문로 12 (동빙고동),37.5290045,126.9917627,,http://www.starbucks.co.kr/
투썸플레이스 국립중앙박물관2점,"카페,디저트>카페",서울특별시 용산구 서빙고로 137,37.5243370,126.9802718,,
스타벅스 은평이마트점,"카페,디저트>카페",서울특별시 은평구 은평로 111 (응암동),37.6003792,126.9202735,,http://www.starbucks.co.kr/
배스킨라빈스 응암역점,"카페,디저트>아이스크림",서울특별시 은평구 은평로 65 배스킨라빈스응암역점,37.5990763,126.9149935,,https://blog.naver.com/brgirl31/
파리바게뜨 연신내역점,"카페,디저트>베이커리",서울특별시 은평구 통일로 850 1층,37.6192538,126.9213422,,https://www.paris.co.kr/
배스킨라빈스 연신내역점,"카페,디저트>아이스크림",서울특별시 은평구 통일로 855-7,37.6188282,126.9201506,,https://blog.naver.com/brgirl31/
스타벅스 연신내점,"카페,디저트>카페",서울특별시 은평구 통일로 867 (갈현동),37.6202662,126.9199776,,http://www.starbucks.co.kr/
스타벅스 불광역점,"카페,디저트>카페",서울특별시 은평구 통일로 715 (대조동),37.6093819,126.9303971,,http://www.starbucks.co.kr/
파리바게뜨 불광역점,"카페,디저트>베이커리",서울특별시 은평구 진흥로 196,37.6084971,126.9313755,,http://www.paris.co.kr/
파리바게뜨 디지털미디어시티역점,"카페,디저트>베이커리",서울특별시 은평구 수색로 195,37.5786563,126.9006973,,https://www.paris.co.kr/
탐앤탐스 DMC점,"카페,디저트>카페",서울특별시 은평구 수색로 195 1층,37.5785926,126.9008057,,https://blog.naver.com/tomntoms01
스타벅스 종로R점,"카페,디저트>카페",서울특별시 종로구 종로 51 (종로2가),37.5708000,126.9834000,,http://www.starbucks.co.kr/
인사동찻집,"카페,디저트>차",서울특별시 종로구 인사동길 33-1,37.5735298,126.9854645,,https://www.instagram.com/insadong_tea_house/
효자베이커리,"카페,디저트>베이커리",서울특별시 종로구 필운대로 54,37.5809361,126.9686596,,
부암동스코프,"카페,디저트>베이커리",서울특별시 종로구 창의문로 149 1층,37.5931181,126.9636588,,http://www.instagram.com/scoffbakehouse
클럽에스프레소,"카페,디저트>카페",서울특별시 종로구 창의문로 132,37.5926836,126.9659447,,https://www.instagram.com/clubespresso_1990
스타벅스 별다방점,"카페,디저트>카페",서울특별시 중구 퇴계로 100 (회현동2가),37.5602013,126.9829327,,http://www.starbucks.co.kr/
스타벅스 소공로점,"카페,디저트>카페",서울특별시 중구 남대문로7길 19 삼영빌딩 1층 일부 (소공동),37.5637272,126.9807680,,http://www.starbucks.co.kr/
스타벅스 을지로국제빌딩점,"카페,디저트>카페",서울특별시 중구 남대문로 109 (다동),37.5670270,126.9823389,,http://www.starbucks.co.kr/
스타벅스 무교동점,"카페,디저트>카페",서울특별시 중구 무교로 21 (무교동) 코오롱빌딩 1층,37.5679491,126.9790127,,http://www.starbucks.co.kr/
크레마,"카페,디저트>카페",서울특별시 중구 동호로7길 37,37.5521769,127.0109134,,
스타벅스 황학캐슬점,"카페,디저트>카페",서울특별시 중구 청계천로 400 (황학동) 롯데캐슬베네치아,37.5713626,127.0229459,,http://www.starbucks.co.kr/
스타벅스 중화역점,"카페,디저트>카페",서울특별시 중랑구 봉화산로 35 1층,37.6017506,127.0783110,,http://www.starbucks.co.kr/
스타벅스 묵동점,"카페,디저트>카페","서울특별시 중랑구 동일로 952 (묵동, 로프트원 태릉입구역) 1층",37.6153679,127.0766330,,http://www.starbucks.co.kr/
메가MGC커피 우림시장점,"카페,디저트>카페",서울특별시 중랑구 용마산로 498,37.5956284,127.1003547,,
메가MGC커피 중랑구청점,"카페,디저트>카페",서울특별시 중랑구 신내로 82,37.6065594,127.0955293,,
설빙 건대지점,"카페,디저트>빙수",서울특별시 광진구 아차산로 225 2층,37.5409116,127.0685486,,http://sulbing.com/
마를리,"카페,디저트>케이크전문",서울특별시 성동구 연무장길 47 1층,37.5428033,127.0547473,,http://www.instagram.com/marly.official_
